Timestamp,SNI
2025-06-02 09:28:17,signaler-pa.clients6.google.com
2025-06-02 09:28:17,play.google.com
2025-06-02 09:28:17,signaler-pa.clients6.google.com
2025-06-02 09:28:17,play.google.com
2025-06-02 09:29:41,play.google.com
2025-06-02 09:29:41,play.google.com
2025-06-02 09:30:00,www.yourcareerex.com
2025-06-02 09:30:05,www.google.com
2025-06-02 09:30:09,csp.withgoogle.com
2025-06-02 09:30:09,lh3.google.com
2025-06-02 09:30:09,id.google.com
2025-06-02 09:30:09,lh3.google.com
2025-06-02 09:30:09,ogads-pa.clients6.google.com
2025-06-02 09:30:09,id.google.com
2025-06-02 09:30:09,ogads-pa.clients6.google.com
2025-06-02 09:30:09,waa-pa.clients6.google.com
2025-06-02 09:30:09,waa-pa.clients6.google.com
2025-06-02 09:30:10,lh3.googleusercontent.com
2025-06-02 09:30:10,play.google.com
2025-06-02 09:30:12,encrypted-tbn0.gstatic.com
2025-06-02 09:30:12,encrypted-tbn0.gstatic.com
2025-06-02 09:30:13,fonts.gstatic.com
2025-06-02 09:30:13,www.gstatic.com
2025-06-02 09:30:13,ogs.google.com
2025-06-02 09:30:14,www.gstatic.com
2025-06-02 09:30:15,accounts.google.com
2025-06-02 09:30:18,www.googleadservices.com
2025-06-02 09:30:18,www.googleadservices.com
2025-06-02 09:30:20,www.youtube.com
2025-06-02 09:30:21,www.youtube.com
2025-06-02 09:30:21,static.doubleclick.net
2025-06-02 09:30:21,googleads.g.doubleclick.net
2025-06-02 09:30:22,jnn-pa.googleapis.com
2025-06-02 09:30:22,jnn-pa.googleapis.com
2025-06-02 09:30:22,jnn-pa.googleapis.com
2025-06-02 09:30:23,fonts.gstatic.com
2025-06-02 09:30:53,chatgpt.com
2025-06-02 09:31:01,ab.chatgpt.com
2025-06-02 09:31:08,signaler-pa.clients6.google.com
2025-06-02 09:31:08,signaler-pa.clients6.google.com
2025-06-02 09:31:54,www.youtube.com
2025-06-02 09:31:54,www.youtube.com
2025-06-02 09:31:54,www.youtube.com
2025-06-02 09:31:54,www.youtube.com
2025-06-02 09:31:54,www.youtube.com
2025-06-02 09:31:54,widget.ebanqo.io
2025-06-02 09:31:54,fonts.gstatic.com
2025-06-02 09:31:54,webchat.ebanqo.io
2025-06-02 09:31:54,webchat-be.ebanqo.io
2025-06-02 09:31:54,webchat-be.ebanqo.io
2025-06-02 09:31:56,static.doubleclick.net
2025-06-02 09:31:56,googleads.g.doubleclick.net
2025-06-02 09:31:56,googleads.g.doubleclick.net
2025-06-02 09:31:56,googleads.g.doubleclick.net
2025-06-02 09:31:56,googleads.g.doubleclick.net
2025-06-02 09:31:57,www.google.com
2025-06-02 09:31:58,i.ytimg.com
2025-06-02 09:31:58,jnn-pa.googleapis.com
2025-06-02 09:31:58,jnn-pa.googleapis.com
2025-06-02 09:32:04,careerex-server-7da141379725.herokuapp.com
2025-06-02 09:32:04,careerex-server-7da141379725.herokuapp.com
2025-06-02 09:32:04,careerex-server-7da141379725.herokuapp.com
2025-06-02 09:32:04,careerex-server-7da141379725.herokuapp.com
2025-06-02 09:32:04,careerex-server-7da141379725.herokuapp.com
2025-06-02 09:32:04,careerex-server-7da141379725.herokuapp.com
2025-06-02 09:32:12,safebrowsing.googleapis.com
2025-06-02 09:32:12,safebrowsing.googleapis.com
2025-06-02 09:32:50,browser-intake-datadoghq.com
2025-06-02 09:32:50,browser-intake-datadoghq.com
2025-06-02 09:32:53,googleads.g.doubleclick.net
2025-06-02 09:32:53,mail.google.com
2025-06-02 09:32:53,googleads.g.doubleclick.net
2025-06-02 09:33:00,spocs.getpocket.com
2025-06-02 09:33:20,safebrowsing.googleapis.com
2025-06-02 09:33:20,safebrowsing.googleapis.com
2025-06-02 09:33:30,drive.google.com
